category,product_name,sale_price_eur,regular_price_eur,unit_price_eur_per_l,deposit_eur,discount
Drink,"Die Limo von granini Cola- Orange 0,33l",0.95,1.19,2.88,0.25,-20%
Drink,"Die Limo von granini Kirsche-Zitrone 0,33l",0.95,1.19,2.88,0.25,-20%
Drink,"Die Limo von granini Limette-Zitrone 0,33l",0.95,1.19,2.88,0.25,-20%
Drink,Die Limo von granini Limette-Zitrone 1l,1.59,1.99,1.59,0.25,-20%
Drink,"Paulaner Cola 0,33l",0.79,0.99,2.39,0.25,-20%
Drink,"Paulaner Limo Orange 0,33l",0.79,0.99,2.39,0.25,-20%
Drink,"Paulaner Limo Zitrone 0,33l",0.79,0.99,2.39,0.25,-20%
Drink,granini die Limo Cola-Orange 1l,1.59,1.99,1.59,0.25,-20%
Beer,"Becks unfiltered 0,33l (4,9% vol.) MW",1.03,1.29,3.12,0.08,-20%
Beer,"Becks unfiltered 6x0,33l (4,9% vol.)",5.03,6.29,2.54,0.48,-20%
Beer,"Franziskaner Weißbier Naturtrüb 0,5l (5% vol.) MW",1.19,1.49,2.38,0.08,-20%
Beer,"San Miguel Especial 6x0,33 (5,4% vol.)",5.11,6.39,2.58,0.48,-20%
Beer,"Spaten München Alkoholfrei 0,5l",1.11,1.39,2.22,0.08,-20%
Beer,"Spaten München Hell 0,5l (5,2% vol.)",1.03,1.29,2.06,0.08,-20%
Beer,"Spaten München Hell 0,5l (5,2% vol.) Dose",0.87,1.09,1.74,0.25,-20%
Beer,"Spaten Oktoberfestbier 0,5l MW",1.19,1.49,2.38,0.08,-20%
Water,Adelholzener Naturell 1l MW x6,5.64,5.94,0.94,0.9,-5%
Water,Aqua Vitale Naturelle 1l MW x6,3.93,4.14,0.66,0.9,-5%
Water,Carolinen Mineralwasser Classic 1l x6,5.64,5.94,0.94,0.9,-5%
Water,Carolinen Mineralwasser Medium 1l x6,5.64,5.94,0.94,0.9,-5%
Drink,"7Up Zero 1,25l x6",9.13,10.14,1.22,1.5,-10%
Drink,"Bullit Energydrink Dose 0,33l x12",4.45,4.68,1.12,3.0,-5%
Drink,"Bullit Energydrink Dose 0,33l x4",1.48,1.56,1.12,1.0,-5%
Drink,"Capri Sun Kirsch 10x0,2l x2",8.53,8.98,2.13,,-5%
Drink,"Capri Sun Orange & Peach 0,33l x2",2.83,2.98,4.29,,-5%
Drink,"Club Mate 0,5l MW 10x",13.2,13.9,2.64,,-5%
Drink,136852499 4x,3.17,3.96,2.4,1.0,-20%
Beer,"Becks unfiltered 6x0,33l (4,9% vol.) x2",10.06,12.58,2.54,0.96,-20%
Drink,Die Limo Zitrone Limette 1l x2,3.18,3.98,1.59,0.5,-20%
Drink,"Die Limo von granini Cola- Orange 0,33l x2",1.9,2.38,2.88,0.5,-20%
Drink,"Die Limo von granini Kirsche-Zitrone 0,33l x2",1.9,2.38,2.88,0.5,-20%
Beer,"Franziskaner Hefe Weissbier 0,5l x3 (5% vol.)",3.58,4.47,2.39,0.24,-20%
Drink,"Granini Die Limo Limette-Zitrone 0,33l x2",1.9,2.38,2.88,0.5,-20%
